profile_type	cluster_data	gene_family_id	coefficient	pval	qval	signif_level	signif_fdr
speciation	combined	OG0011146	-0.252912381061433	0.740176995061264	0.974446886827189	No	No
speciation	combined	OG0000925	-0.0237645029308544	0.849729388863303	0.974446886827189	No	No
speciation	combined	OG0012028	0.0266205300973731	0.974446886827189	0.974446886827189	No	No
speciation	combined	OG0012080	0.0318685442388614	0.969474238000894	0.974446886827189	No	No
speciation	combined	OG0012910	0.0877244081622128	0.895548699373441	0.974446886827189	No	No
speciation	combined	OG0010025	0.339886967854187	0.502355106559836	0.974446886827189	No	No
